Z,symbol,basis_level,external_E_over_h_PHz,mean_envelope_pm,rms_envelope_pm,r90_pm,relaxed_removal_PHz,relaxed_static_chi,frozen_static_chi,basis_chi_difference_percent,spin_squared,orbital_L_squared,specified_2Ms,SCF_gradient,direct_integral_energy_difference_Estar
1,H,3,-3.2898739323159183,79.37609525241056,91.65707701598338,140.81513371480628,3.2898739323159183,4.497711089145721,4.497711089145721,0.19663352235705922,0.75,4.077972506729713e-24,1,3.8291090070083153e-14,1.021405182655144e-14
2,He,3,-18.829494791780306,49.0685579798061,57.60219973733163,89.37868954211994,5.66954845200336,1.3210010628996953,0.9964486134433,-0.010327348576921747,-1.3322676295501878e-15,8.670485114793256e-24,0,1.5007284319059163e-07,4.612679127546926e-10
3,Li,3,-48.9095655211335,88.52521550212066,131.84290173210906,238.78502499774368,1.2919162551894212,169.89327078019892,52.24505502954813,-0.06276395080484498,0.7500156988398701,2.576415896491754e-22,1,3.7253837483604963e-07,1.6492673893253595e-10
4,Be,3,-95.90238190263037,81.07017010368064,110.10262247191069,186.69570039746796,1.9450480633570593,45.59834099270637,30.54199339078474,-0.08476252037624699,-8.881784197001252e-16,2.2681895265228997e-22,0,8.939029338206707e-08,7.862599460395359e-10
5,B,3,-161.464354218577,71.95009343182147,93.98289562813784,154.2867012067451,1.943894116054889,22.122679520981293,14.242587551164005,0.15800434305757172,0.7612244051898107,2.0301623972800242,1,8.104320242118e-07,1.2816663286230323e-09
6,C,3,-248.11090075650526,62.93354212032275,80.11898679280102,129.30858455350022,2.6106978749753775,11.939018106685568,8.121400232183772,0.07155379322367761,2.010361812415038,2.0181029177109338,2,1.7753605375913312e-07,-1.4357368627315736e-09
7,N,3,-358.1571437833367,55.52493409852225,69.49553370720768,110.9485442770958,3.358469280799283,7.160999019841629,5.139653303819071,-0.07049423862431903,3.757853457548589,6.217248937900877e-15,3,4.874322750738276e-07,-3.2831195539984037e-09
8,O,3,-492.6267500244904,50.36393235369915,62.633747629973314,99.15660918219518,2.9027751066974146,4.776592536385409,3.6394848162902296,-0.13205190947831458,2.009167130765784,2.0154085741908583,2,4.7263557558114493e-07,-2.609340299386531e-09
9,F,3,-654.6983085460047,45.72278501912623,56.44869040610853,88.95723297468068,3.7805650537768285,3.2945049734823613,2.6368979056644495,0.3104355254713642,0.7540384308689214,2.0120345660476957,1,4.7571049992230943e-07,2.707338353502564e-09
10,Ne,3,-846.7033087511518,41.73818685778794,51.217207305417034,80.42321963901325,4.750158468026853,2.3780081730040368,1.9758426517460137,0.9673776348886554,-4.440892098500626e-15,-2.4868995751603507e-14,0,2.5409570586838926e-07,1.1850801229229546e-08
11,Na,3,-1066.3572595571377,52.10841191293215,83.03450562677887,100.88527566939702,1.1989276083699163,189.02217460630797,64.86705467688937,0.3172042740064107,0.7500579773781979,-6.217248937900877e-14,1,1.8019025215129238e-07,1.5514018514295458e-08
12,Mg,3,-1315.4222944549044,53.98735439785107,83.02098659119918,144.85074730489666,1.5995207175524,81.15683316547249,54.95318202238358,0.012196854367574339,0.0,2.842170943040401e-14,0,8.924467886388056e-08,-2.0089402141820756e-08
13,Al,3,-1594.3724281531354,55.662880467674285,84.51230111430051,150.17573848456948,1.353468689879985,60.82325480608816,39.401328700197375,-0.31917075354405133,0.76987502893844,2.060833371556326,1,8.932527208794723e-08,-6.417403142222611e-08
14,Si,3,-1904.5774561575824,54.62171689707328,80.14540633931828,142.43010721949992,1.8441441252021815,38.333886295184165,28.026876763487067,-0.02459994969115087,2.0149519147649935,2.0449071129549967,2,5.399242769114612e-07,-6.725900902893045e-08
15,P,3,-2247.2066578446525,52.75634171102671,75.12083403265399,132.07059273095064,2.3931418709147434,25.38771697299723,20.60885931985096,0.0446204254944238,3.7506444355670183,-2.1316282072803006e-14,3,6.88565313327351e-08,-1.0983313813994755e-07
16,S,3,-2622.6465569813954,51.11666231920409,71.39799181901016,123.4584165974947,2.226504329932912,19.058591902921652,16.039012350231918,0.2152624087700561,2.0121046673554073,2.043943135870922,2,3.0631056980751536e-07,-5.245335046311084e-07
17,Cl,3,-3032.5982709011005,49.17246956879688,67.39916249389708,115.06885036448428,2.8397790556120146,14.161605665457296,12.598366868675058,0.7690389601812342,0.7594486057490233,2.0349009069561603,1,1.8847959459843054e-07,-6.72203952944983e-07
18,Ar,3,-3478.2346065122806,47.173422645630964,63.581945800449596,107.33817415183871,3.5160635597648207,10.701385831872502,10.053095505315456,1.15945935546522,-7.105427357601002e-15,-2.842170943040401e-14,0,4.790310902661036e-08,-4.473725994103006e-07
19,K,3,-3957.4508901149557,54.030853406189784,86.61175243486404,110.62844807950087,0.9726464708926948,407.99118261412065,128.5093503328371,0.21547126095329272,0.7502062856314904,0.0,1,1.5536882942759383e-07,-2.0432185010577086e-07
20,Ca,3,-4471.801913366568,56.050450258415935,88.71609680662665,129.18272540429118,1.2419309582718518,182.74704343419037,122.8561514831127,0.06639648844808388,-1.9539925233402755e-14,-1.0658141036401503e-14,0,8.952513368692392e-08,-4.809128313354449e-07
21,Sc,3,-5022.261060665292,53.93545709531091,83.86685381984249,124.90426812049571,1.3028817781864674,140.57043009383642,102.1883105198135,0.5046774991003034,0.7614745863083634,6.053027755107703,1,1.6466987091605137e-07,-4.977667913408368e-07
22,Ti,3,-5610.837973642809,51.79857507826174,79.63043344390789,118.01097843909301,1.346692769923302,630.46579039968,88.57751596599313,88.9379317323945,2.0104158842794426,10.043692350633194,2,9.515534290561377e-07,-4.572059424390318e-07
23,V,3,-6238.603034150695,49.74205385606096,75.84596652983365,111.0441939623579,1.3840112858834308,126.14648984072369,78.38804934269537,0.4492584272790312,3.762949381263642,12.0336876422388,3,1.4922237272082134e-07,-3.559446213330375e-07
24,Cr,3,-6906.542285051712,45.059730123731555,66.03066628193072,94.6620274848393,1.4517560459098722,107.02879868315756,46.85355690474884,0.17716038529747014,12.000079201278426,-2.1316282072803006e-14,6,6.662534340695461e-07,-1.1719453141267877e-07
25,Mn,3,-7615.395842926938,45.99206795668903,69.28992899596463,99.02852481537428,1.4558886720102264,101.41981398721964,63.23027207833319,0.17530610255593881,8.771734779656454,2.1316282072803006e-14,5,4.065721454813825e-07,-7.715698302490637e-09
26,Fe,3,-8365.27569686909,44.343869432008475,66.2697944798989,94.84177821515482,1.554701567294743,82.04985920927723,55.49247840121291,0.24296292828847044,6.016778304916949,6.018998654744287,4,3.716568801268874e-07,1.4719012142450083e-07
27,Co,3,-9158.283664078459,42.77787250331653,63.54332889929118,90.61898668921162,1.6424581468944615,70.20880007977689,49.55921323568708,0.3034470179232862,3.7607006431481906,10.026450708398762,3,3.2505530300116635e-07,2.466342721163528e-07
28,Ni,3,-9995.483740478712,41.30079093460337,61.0619772903877,86.57540233903504,1.72313247791504,62.13385431517972,44.80258786405464,0.3278146737749621,2.005542456263271,12.026382168339374,2,3.5479259280955015e-07,2.4521068553440273e-07
29,Cu,3,-10877.527322685668,38.29206266771391,55.33126578345519,77.17685102647052,1.591296083870921,71.71125791849016,32.88418995567469,0.26615354245509426,0.7521925709028068,2.842170943040401e-14,1,1.1795192684897717e-06,1.3858971215086058e-07
30,Zn,3,-11806.082434252727,38.61410167764598,56.66437343432306,79.42706008442617,1.880510758544635,50.81841546826425,37.310403248677055,0.31356071986552436,-1.7763568394002505e-14,-1.4210854715202004e-14,0,1.3387372824770302e-06,1.0221265256404877e-07
31,Ga,3,-12779.339538855285,39.72349373534232,60.35689676147366,85.42510781744086,1.3379354817826365,57.47752729849248,36.74531286487279,0.048453120508384906,0.7625840356742533,2.038189193672153,1,4.145947892447343e-07,3.0035380405024625e-08
32,Ge,3,-13798.450009534594,39.81149591925108,59.97913494188838,93.18388155209247,1.7897936457884904,41.26067918629449,29.745949984831224,-0.07551454791291379,2.0107298088369205,2.0305279736392094,2,6.576961812931308e-07,-1.3860276339983102e-06
33,As,3,-14864.179095425327,39.535982162001005,58.72727053488395,97.66588226220529,2.2754511745866637,30.302324194854794,24.291960402891576,-0.34078867419778947,3.751192860258506,-2.842170943040401e-14,3,3.0179545045941974e-07,-1.6349436009477358e-06
34,Se,3,-15976.562484962416,39.33133370692697,57.95737182956923,99.12931750973195,2.064794397115352,25.15955182108804,21.255944504651836,-0.2273519892221021,2.010981759707434,2.0437407536370813,2,9.102112083113565e-07,-1.2264786164450925e-06
35,Br,3,-17136.93947099323,38.89622402110054,56.64517079030893,98.41285514454353,2.5904069563799177,20.269193265249726,18.2321694109559,0.17785275870121353,0.7591485352582374,2.0372053617702193,1,6.263737581072942e-07,-1.2824366422137246e-06
36,Kr,3,-18346.112541713093,38.345492105121195,55.16134806795806,96.524575503617,3.1524655459273334,16.432321680497676,15.694317969719235,0.48245444427224005,0.0,-5.684341886080802e-14,0,6.154437800972506e-07,-2.1800892682222184e-06
37,Rb,3,-19602.060846311666,42.27092310258447,71.06277444281977,96.86898871476645,0.9195294729678636,481.85560611095235,154.12734129832828,0.06238474237192371,0.7503831632054556,-7.105427357601002e-14,1,9.537082802947874e-07,-2.448810846544802e-06
38,Sr,3,-20906.20137662475,43.89909629446129,74.01715537662882,99.065224584048,1.1470141882904832,232.6913026460742,156.94894226306408,0.002213118601157582,-1.4210854715202004e-14,0.0,0,5.468877232045566e-07,-4.507345238380367e-06
39,Y,3,-22259.07304482016,43.44698817118255,71.49129842936341,100.3693515319698,1.2298430184991007,,127.03946299429695,,0.8625685521689626,6.386806081263487,1,3.140536651302067e-07,-4.469814030017005e-06
40,Zr,3,-23662.266584393506,42.850328510915666,69.32906412322701,100.14960761556551,1.2665197640478227,,110.36954604733478,,2.0723276084776927,10.172848569211652,2,2.818979182171277e-07,-4.80286007586983e-06
41,Nb,3,-25116.81221775112,40.73041244656072,62.98535793173236,96.28303410400852,1.4480878642609214,132.04832900226498,65.99961058834403,0.248777322192395,8.75549733546093,6.0296619503268545,5,1.0665215771921919e-06,-6.9094207901798654e-06
42,Mo,3,-26623.358946053402,39.91879131578442,60.785353673054416,94.02922320995462,1.5108220602624913,108.26605084249098,56.21562311754743,0.3248412149207347,12.003852500333274,5.684341886080802e-14,6,9.9146562837769e-07,-8.978602181741735e-06
43,Tc,3,-28181.870043590927,40.7024929965179,63.585389823182325,94.13124472275435,1.3397664440977375,137.1637804055101,81.8441692721867,0.4625972582002813,8.792397644043287,8.526512829121202e-14,5,3.2302832176890983e-07,-4.666008862841409e-06
44,Ru,3,-29793.513128556355,38.699077301989504,58.06266116373756,89.48907614181866,1.521053705937897,93.90179993335603,49.42532102771668,0.46210959916348493,6.003836122870467,10.050321430635748,4,5.997060750477539e-07,-1.600451832928229e-05
45,Rh,3,-31459.6449741936,38.031346682761544,56.66758283355843,87.02261039406292,1.5263888698107018,89.57765437255057,46.44053161337791,0.4754277859877698,3.7534716702963955,12.053519594107485,3,4.2831059742579425e-07,-1.953062746906653e-05
46,Pd,3,-33180.67373055881,36.105168338114396,51.149145368511796,83.14473043748563,1.5118071933782447,21.077326369971434,18.678711441061424,0.44302667182190003,3.552713678800501e-15,1.1368683772161603e-13,0,9.885195211972176e-08,-1.9340581275173463e-05
47,Ag,3,-34957.76891720318,36.71973897108801,54.0933547502057,82.21752002245034,1.5366601156475106,83.42522612008763,41.93730783552868,0.40845969289320383,0.7519267080818501,0.0,1,3.9061801791910565e-07,-1.8456690668244846e-05
48,Cd,3,-36790.40277493806,37.050951904154104,55.27528408265456,82.17642604573028,1.7728422743273264,63.725931749383555,49.62695485391103,0.05106436102511047,2.1316282072803006e-14,-2.842170943040401e-14,0,8.559889450127099e-07,-3.338187525514513e-05
49,In,3,-38678.407503939794,37.93631010156912,58.408515065823345,83.12167845801154,1.260751458220873,74.54521138900547,49.47796829126298,0.32811812130002505,0.7632707216683343,2.0399587535754335,1,4.025808211643704e-07,4.014482783532003e-05
50,Sn,3,-40622.90998006612,38.18118016865712,58.650223311243835,85.36946411836617,1.6563803849328051,57.15763475605612,42.15663027763552,-0.06758076797621637,2.011929534416666,2.0320139209436547,2,9.108560811156844e-07,7.599922628287459e-05
51,Sb,3,-42624.633011943704,38.17307935186211,58.13412455153888,88.71140036761584,2.074236489321578,44.21069379502996,36.09366048992593,-0.4824764055145647,3.75261073589936,-5.684341886080802e-14,3,5.498393942182809e-07,2.5297130378021393e-05
52,Te,3,-44683.64485229687,38.20274145161784,57.92220802946054,92.28223501227876,1.8677438153088355,38.08801870375703,32.83183625866247,-0.5713036526358906,2.0129453509227098,2.0524935732468066,2,8.980575403002152e-07,-4.8374880861956626e-05
53,I,3,-46801.18948457604,38.060717103430086,57.22575928073976,94.84623243185476,2.3073804512570666,31.854106922036266,29.293290903306772,-0.20240162145083174,0.7609790610969895,2.0460543446537542,1,6.611326134140472e-07,-8.325266662723152e-05
54,Xe,3,-48978.01201746687,37.821310618936764,56.33069586174668,96.02979391307889,2.770952023417591,26.722165736658827,26.157963599997245,0.22907830437113308,-1.7763568394002505e-14,-2.842170943040401e-14,0,3.8548575547780456e-07,-4.351293318904936e-05
55,Cs,3,-51212.452453461396,40.702888709593864,69.00078811047264,97.10622837241934,0.8412736631031382,661.6906742033979,206.8351190143496,0.13699210477966517,0.7505607047149603,-2.842170943040401e-14,1,3.479476254945529e-07,8.6528098108829e-06
56,Ba,3,-53505.96909437835,42.040259704539615,71.9830235116562,98.40045883906679,1.0328548757515614,324.2178951588453,219.08135808143777,0.024038263882664168,-1.4210854715202004e-14,-5.684341886080802e-14,0,2.5257590861203026e-07,0.00018264195750816725
57,La,3,-55859.43908843482,41.41681273710563,68.56984579998031,99.70487596533674,1.1510774574179292,347.1137478277579,153.05455165519874,0.4003773960195689,1.4138995858355585,8.633362843115009,1,4.22392153334763e-07,0.0003494474331091624
58,Ce,3,-58274.74688268,40.798352963139145,67.46429566238201,97.20516079475115,1.106724312582353,345.54988696572883,151.49187777853987,-0.26318870969698205,2.5714405111322307,20.160924315094093,2,1.4741388917202187e-06,0.0003618879218265647
59,Pr,3,-60753.643540942445,40.006038456816476,67.62802103488517,91.72468645382276,1.0739979102312236,280.9945358664517,189.72391711458667,-0.08695086574475042,3.754309017344177,28.031960869504843,3,8.010992825254994e-07,1.5246445400407538e-05
60,Nd,3,-63297.75030920261,39.32858067523052,66.31525355604806,89.51485315194839,1.0853900367139195,270.6864898186427,182.01780065006756,1.3667292672716824,6.00542443672893,34.034132844890564,4,1.664012709587411e-06,-6.241813571250532e-05
61,Pm,3,-65907.09493209705,38.67279881428719,65.04913954332733,87.4368045779922,1.0971644091918398,255.05758529911634,174.63975233342612,1.0585772583971975,8.757471129727321,23.902200817707012,5,7.058813940577539e-07,-0.00013889180445403326
62,Sm,3,-68583.01314061976,38.02889342142919,63.833811866206524,85.4218908982527,1.1085983033416238,254.23871508526648,167.83135127763774,-0.3135467066690101,12.009672204700038,12.021170506185342,6,6.853389946008443e-07,-0.0001983598413062282
63,Eu,3,-71326.4529175206,37.400369822783304,62.67229504839993,83.47846273450308,1.119334786293838,241.14371872920125,161.61404601384845,-0.2720945705144251,15.761567826792092,-2.2737367544323206e-13,7,3.6369373792178493e-07,-0.0002338447029615054
64,Gd,3,-74137.62715514853,37.14808221494191,61.240742064004536,84.12322127766835,1.1870041796947435,269.3929290870565,133.78200227299263,0.1990973467648871,20.172706497479403,6.5467093407716845,8,6.283144086396595e-07,-3.1071625926415436e-05
65,Tb,3,-77016.64127478858,36.58499895025756,60.20188512388559,82.35992725997251,1.212741493228276,258.99376209673386,128.38652284916455,-0.3850618552095675,15.92295388736455,18.566840800617484,7,1.4253812989120718e-06,-0.00022751198594050948
66,Dy,3,-79965.43614512031,35.664197145289556,59.370253552044,78.44497056776622,1.175261973075277,208.91858158543582,143.37355673325288,-0.14074114510687075,6.0097656741764816,28.028053390180446,4,4.0077031709360746e-07,-0.00017411897715646774
67,Ho,3,-82986.3562898229,35.10638207130681,58.34990232243878,76.84189397987764,1.1916942072712466,200.7995167029632,138.21034097704236,-0.13730619957177392,3.7557390601449754,34.029890258693115,3,1.4539558731314196e-06,-9.718981164041907e-05
68,Er,3,-86079.0876634252,34.56708422778614,57.35830192824141,75.32469030298265,1.2089347546107192,192.99593155740604,133.1561079995015,-0.12952973447606375,2.003844538564252,23.926152353596535,2,1.2800369257715223e-06,1.360019996354822e-05
69,Tm,3,-89245.17319454599,34.03918064187441,56.39814264349134,73.85188783471438,1.2255588120500052,185.73033346818897,128.38293626639563,-0.11755176247204568,0.7513671993726518,12.020553459471955,1,3.613738093448169e-07,0.00011746873497031629
70,Yb,3,-92485.65760070592,33.52383435711212,55.47398293739987,72.4204562299444,1.241555659048555,179.13006482744368,123.97741284602364,-0.12637966925792554,-1.4210854715202004e-14,-5.684341886080802e-14,0,1.250627904156689e-06,0.00023856511324993335
71,Lu,3,-95801.32716759639,33.47413256040374,54.856568686535155,72.85554779786351,1.083141379734983,67.94878554174073,106.96382609973955,-6.31554883681853,0.8096057327760349,6.213658594831429,1,1.8148319900792842e-06,-0.0003259238219470717
72,Hf,3,-99191.75717442024,33.260955844054095,53.88638168740983,73.472849830941,1.3721276196150138,127.13805628548641,92.91588961059882,0.5836013201830914,2.052895491843991,10.135017076591112,2,1.0705517307217733e-06,-0.0002999180906044785
73,Ta,3,-102657.96634389163,33.01787635653602,52.99533712843416,74.06801475219892,1.3879444580836067,109.67012840246802,83.7369702066912,0.6071680731734697,3.7804362434410024,12.043026750284241,3,7.679655300509312e-07,-0.0001513175702712033
74,W,3,-106200.78382923634,32.731943524190456,52.013630624499704,74.51541766937862,1.4238441638116743,101.54428219317809,74.97781611294162,0.8231447353749255,6.0405229410159365,6.1042706129630915,4,1.4739469826381545e-07,-1.4004586773808114e-05
75,Re,3,-109821.42161438745,32.45185443010737,51.1771000188326,74.7107975800261,1.4337780228833463,95.83452139026842,69.48045648266869,0.8115248270463393,8.807187670953766,-1.1368683772161603e-13,5,4.5498813293777747e-07,0.00013700239287572913
76,Os,3,-113519.84308152668,32.15763001472097,50.17491571492702,74.7783210810925,1.576720446067276,76.8920841143003,60.78398942228767,0.5318873850036043,6.034912239968676,6.039585179104506,4,6.514737597057903e-07,0.00024065874094958417
77,Ir,3,-117298.09488553743,31.848765609098137,49.22469025799653,74.58994696764694,1.704679141346582,64.11691284087809,54.13486117740414,0.33503863850248283,3.7693534382570704,10.030389963171103,3,4.6630474323762094e-07,0.00035583788121584803
78,Pt,3,-121157.36543890946,31.06004652674818,46.819817884506804,73.5377570648315,1.8298096870109406,53.77217305463186,37.945133813516,0.5160725180256565,2.0043088793982804,6.068211899597145,2,1.9343463814841473e-07,0.00043328181709512137
79,Au,3,-125098.79363757836,30.76264322683612,46.080298581633876,72.88433353951216,1.858278413647414,50.27664187562772,35.38872824260835,0.5619727840868727,0.7528426412429496,-1.1368683772161603e-13,1,1.3776071354827013e-06,0.0005414246188593097
80,Hg,3,-129122.8073540231,30.903801714299277,46.65865937718079,72.88248475237582,2.053678361575979,45.00341869185087,40.921588200064654,0.3272728686890103,-7.105427357601002e-14,-2.2737367544323206e-13,0,1.4559832676417443e-07,0.0007468861113011371
81,Tl,3,-133229.1832212911,31.58837009820252,49.61586208523662,72.95762092821477,1.206564477909995,78.11121289305551,52.15290883959647,-0.9683766625137813,0.7593077153804728,2.0258308950655532,1,2.5235268371455964e-07,0.0015828992873139214
82,Pb,3,-137419.72343331305,31.859120455962508,50.22346335789271,73.34433128976158,1.589646738849356,62.572875863530726,46.58812915612443,-0.8469860964153919,2.010534921837049,2.0211859253629427,2,3.337370041564131e-07,0.0005850832712894771
83,Bi,3,-141695.6955684925,31.97184840726856,50.214409055409924,74.07212478683414,1.987845664914303,49.889300460345645,40.87415510872681,-0.9355667080024999,3.7565757580427714,-2.8421709430404007e-13,3,2.5204745421312795e-07,-0.0005394744621298742
84,Po,3,-146057.7121896727,32.11021190863733,50.41728230838981,75.14797845963494,1.7580357207516184,44.552840008461025,39.34016825960364,-0.2204301215037563,2.0117469523219,2.046072865933411,2,7.47060007043682e-07,-0.000748897062294418
85,At,3,-150507.5779818773,32.13534547989682,50.20824497267022,76.57500280194846,2.1710496050462127,38.2215881617137,36.12861338158789,-0.11153974107890319,0.7595202876354605,2.043268691535957,1,8.985975070884662e-07,-1.9691149645950645e-05
86,Rn,3,-155046.50427042952,32.0940739148084,49.81567710693276,78.22611720159462,2.600181909707627,32.77668452602207,32.91685059556988,-0.09366504411933985,0.0,-1.1368683772161603e-13,0,3.9575812340096e-07,0.0007659698167117313
87,Fr,3,-159673.94757638525,33.84064916051916,58.421193794917315,79.87491987486672,0.865374142148862,527.1624417681429,188.63576946369926,0.289058076446258,0.7511766899961287,1.1368683772161603e-13,1,1.001923802322502e-06,-0.00033495366369606927
88,Ra,3,-164391.9377721632,34.749800981526455,60.94554529304656,81.47409318419054,1.0471920994882835,298.92661130566984,205.7354112506872,0.061721642883494354,-3.552713678800501e-14,2.2737367544323206e-13,0,7.079336187165694e-07,0.003396869677089853
89,Ac,3,-169201.73627239,34.83061057465941,60.07227752656592,83.29445936871635,1.0811822803267888,351.231216689655,168.71673801386302,0.11257299706524115,1.0410695128832117,7.02504266706967,1,2.881701681212254e-07,0.00013362949539441615
90,Th,3,-174105.32398234974,34.85219092426183,59.36013018509344,85.0646777736535,1.1987640030924667,202.75288075429503,148.8954099321436,0.1495440992457686,2.209976990338049,10.42967486888142,2,9.584161204529964e-07,-0.0013163371440896299
91,Pa,3,-179104.95310163582,34.20446786528819,57.99286948581424,82.4180953417134,1.188945630369119,,145.4202782808919,,4.039351349012996,30.366960842747005,3,1.08774325411689e-06,0.000554370490135625
92,U,3,-184203.13662860967,33.88729309631781,57.140047210031874,81.44786908323807,1.196004230170174,237.56676221909797,139.3874174973498,-0.15512627981754123,6.257837184198813,34.89306027558848,4,1.049731511596701e-06,0.0013428904821921606
93,Np,3,-189401.82282784575,33.574217099681256,56.38362731896326,80.28548214935807,1.201039089631182,218.96940916894218,136.42270549381894,-0.07492948009786282,8.945506844423676,40.64519558779034,5,1.349555031442938e-06,0.0005741457971453201
94,Pu,3,-194702.20378077758,32.97437114694158,55.46954735094155,77.70037867391167,1.1460932730394748,210.80248376938542,149.96720251401706,-0.29291270533509106,12.01374934407795,12.04036372872207,6,1.2030785030516807e-06,0.005941641105891904
95,Am,3,-200107.1522290668,32.63371226972369,54.64008028721389,76.50192232443241,1.1588093103826025,201.63470845073198,143.55593151095312,-0.3365503982502349,15.76698346848827,-5.684341886080802e-14,7,4.336508320307131e-07,0.006559074136021081
96,Cm,3,-205617.27862191893,32.58648224639552,54.01615656363738,76.6270126489453,1.2378489580124148,183.10898653203455,121.56895092701639,0.2680246173310197,20.124445316619315,6.392467912069492,8,3.226568030814628e-07,0.0023060376406647265
97,Bk,3,-211234.57028394283,32.28921780004658,53.31522369352069,75.48275192192618,1.1257639518941156,185.89808638408786,116.84434395584036,-0.30481066858037975,15.871500690050937,18.44225293232546,7,1.1650960944867787e-06,0.007960434344568057
98,Cf,3,-216961.9600917963,31.668456982282677,52.27051659110641,73.23161696082356,1.2313147365388182,172.19056965236737,125.07028171046095,-0.16562830316391164,6.010189055168006,28.046449997880643,4,8.557911738474826e-07,0.008208549814298749
99,Es,3,-222802.31266831045,31.342263389487556,51.521774642551016,72.1018753293877,1.251128258048788,165.14280697104016,119.94970916695372,-0.1717819302602397,3.7563901756467004,34.04819738222187,3,1.2333838396317916e-06,0.008710346890438814
100,Fm,3,-228756.92251472795,31.02127324573147,50.78613287250972,71.00748052484975,1.2721927144354845,157.89543164639707,114.83728527487142,-0.16239617280024987,2.004553687598552,23.855303383556816,2,3.96826308652384e-07,0.009032906578795519
101,Md,3,-234829.13792281365,30.701107146836385,50.06597126137319,69.91739393179358,1.2924128860085218,151.17133762004184,110.02589476730118,-0.1106190331960355,0.7519764113859537,12.032673171960028,1,3.598736925618167e-07,0.00935955518798437
102,No,3,-241021.32069552576,30.383900234650092,49.3691473953387,68.83711528338883,1.3115983711880475,145.2329128020568,105.6439940261323,-0.10765971049444545,-5.684341886080802e-14,-2.2737367544323206e-13,0,1.886401702155319e-06,0.00922926353814546
103,Lr,3,-247334.4953586415,30.49541008616713,49.562275422019475,68.72011808400714,0.892791335946077,,98.8581701159962,,0.798792802366691,6.182046145008485,1,9.113328500081185e-07,0.0049259304942097515
104,Rf,3,-253771.5796911636,30.405948450944834,48.93170635205069,68.81990515277108,1.175205787010682,130.68316083351667,84.15305472569833,1.7026293346451338,2.048290613542619,10.133992354952625,2,3.107933690855486e-07,-0.003414191429328639
105,Db,3,-260335.61814583038,30.283599916510813,48.3106642856027,69.06500165873356,1.4616132229126235,87.69734785512829,73.7380489995106,0.37561637965783934,3.778594997817663,12.046056320064054,3,7.047310891491653e-07,-0.006245169730391353
106,Sg,3,-267029.4290297681,30.136964815296125,47.66469606929473,69.40766723850655,1.6039943243865455,73.1092296143285,65.12912008552982,0.44587557956636825,6.038765575181273,6.10847675970183,4,8.167378240485417e-07,-0.006457638148276601
107,Bh,3,-273856.9796773011,29.98148260273331,47.065030402362204,69.78566478543435,1.6282685085959439,64.15264607407481,58.838326595465055,0.5326985616888491,8.806205409480839,0.0,5,1.0895555222573016e-06,-0.005053766202763654
108,Hs,3,-280820.05350579746,29.84208103381542,46.49671752148119,70.17691889874638,1.4442210087184892,54.701898087239556,52.4704554417718,0.516224327344883,6.036566226906061,6.036739628934697,4,3.4538051973456965e-07,-0.0021986282226862386
109,Mt,3,-287923.42032228917,29.67378417916341,45.87438919199469,70.51895901065247,1.7849898671554099,45.627496090564904,46.62771188099941,0.6241350731893691,3.770467258927212,10.033895599745392,3,1.5697392796667724e-07,0.0009261155282729305
110,Ds,3,-295171.9450880778,29.491287001538595,45.247975944682636,70.77773970333699,2.316877047926272,38.86107670787444,41.62036281605709,0.8196750520911289,2.0101462582325382,12.040772704956566,2,7.166016724960236e-07,0.003188925125868991
111,Rg,3,-302567.359430829,29.309453000545105,44.663362567443585,70.93056967663142,2.4327210816315037,33.906926021918345,37.6740104831276,0.9389750703063138,0.754481847960399,6.02769655095301,1,1.3428125076678095e-06,0.009077154885744676
112,Cn,3,-310116.344296175,29.116201258151364,44.06908928181259,70.95955417213625,2.7928379104487244,29.7839993164887,34.0784835128665,1.1072076522311791,-3.552713678800501e-14,1.1368683772161603e-13,0,8.345068901374523e-07,0.01095337992592249
113,Nh,3,-317820.8990658425,29.701496025809504,46.939166952539004,71.13472450098212,1.105104680784967,101.2255094853495,60.418337202879286,-3.0447814565390807,0.7563147051327235,2.0138679338339216,1,8.568960966850665e-07,0.016061616537626833
114,Fl,3,-325686.8143996107,29.94242480643691,47.60103213069514,71.38682794760028,1.473125759257982,81.3471129343386,55.77331297886045,-2.169453719527392,2.011404998937678,2.0118141284350486,2,8.648504728618511e-07,0.011414469947339967
115,Mc,3,-333719.49269082176,30.066920477995776,47.750044584036665,71.734615447468,1.851260412897343,65.77022603394612,49.80270270322783,-2.1772406870244954,3.7647221375405735,-2.2737367544323206e-13,3,6.782102876692121e-07,0.002536553918616846
116,Lv,3,-341924.0632625892,30.219757674489795,48.114332166215846,72.18329170813297,1.5902355646997217,59.13905493930208,51.20827959039724,-0.5580002049069721,2.012499653877427,2.0375698248975596,2,1.470350703955149e-06,-0.005873892507224809
117,Ts,3,-350308.9297595367,30.280409109073855,48.08431194866587,72.75848144393636,1.9794005075275662,51.09705173588862,48.401798269467385,-0.3334203505916178,0.7580243319383868,2.0375806925802635,1,5.059806808155857e-07,-0.014250187799916603
118,Og,3,-358877.6451393962,30.288404719764014,47.881161837237215,73.46807919460495,2.379555188581842,44.21594425797782,44.865756420874504,-0.3723274767655438,-6.394884621840902e-14,-2.2737367544323206e-13,0,2.1909118098876912e-07,-0.016230910216108896
