Z,symbol,name,A,depth,pattern,ratio,depth_fraction
1,H,Hydrogen,1,0,1,0,0
2,He,Helium,4,2,2,1,0.5
3,Li,Lithium,7,4,3,1.3333333333333333333333333333333333333333333333333333333333333333333333333333333,0.57142857142857142857142857142857142857142857142857142857142857142857142857142857
4,Be,Beryllium,9,5,4,1.25,0.55555555555555555555555555555555555555555555555555555555555555555555555555555556
5,B,Boron,11,6,5,1.2,0.54545454545454545454545454545454545454545454545454545454545454545454545454545455
6,C,Carbon,12,6,6,1,0.5
7,N,Nitrogen,14,7,7,1,0.5
8,O,Oxygen,16,8,8,1,0.5
9,F,Fluorine,19,10,9,1.1111111111111111111111111111111111111111111111111111111111111111111111111111111,0.52631578947368421052631578947368421052631578947368421052631578947368421052631579
10,Ne,Neon,20,10,10,1,0.5
11,Na,Sodium,23,12,11,1.0909090909090909090909090909090909090909090909090909090909090909090909090909091,0.52173913043478260869565217391304347826086956521739130434782608695652173913043478
12,Mg,Magnesium,24,12,12,1,0.5
13,Al,Aluminium,27,14,13,1.0769230769230769230769230769230769230769230769230769230769230769230769230769231,0.51851851851851851851851851851851851851851851851851851851851851851851851851851852
14,Si,Silicon,28,14,14,1,0.5
15,P,Phosphorus,31,16,15,1.0666666666666666666666666666666666666666666666666666666666666666666666666666667,0.51612903225806451612903225806451612903225806451612903225806451612903225806451613
16,S,Sulfur,32,16,16,1,0.5
17,Cl,Chlorine,35,18,17,1.0588235294117647058823529411764705882352941176470588235294117647058823529411765,0.51428571428571428571428571428571428571428571428571428571428571428571428571428571
18,Ar,Argon,40,22,18,1.2222222222222222222222222222222222222222222222222222222222222222222222222222222,0.55
19,K,Potassium,39,20,19,1.0526315789473684210526315789473684210526315789473684210526315789473684210526316,0.51282051282051282051282051282051282051282051282051282051282051282051282051282051
20,Ca,Calcium,40,20,20,1,0.5
21,Sc,Scandium,45,24,21,1.1428571428571428571428571428571428571428571428571428571428571428571428571428571,0.53333333333333333333333333333333333333333333333333333333333333333333333333333333
22,Ti,Titanium,48,26,22,1.1818181818181818181818181818181818181818181818181818181818181818181818181818182,0.54166666666666666666666666666666666666666666666666666666666666666666666666666667
23,V,Vanadium,51,28,23,1.2173913043478260869565217391304347826086956521739130434782608695652173913043478,0.54901960784313725490196078431372549019607843137254901960784313725490196078431373
24,Cr,Chromium,52,28,24,1.1666666666666666666666666666666666666666666666666666666666666666666666666666667,0.53846153846153846153846153846153846153846153846153846153846153846153846153846154
25,Mn,Manganese,55,30,25,1.2,0.54545454545454545454545454545454545454545454545454545454545454545454545454545455
26,Fe,Iron,56,30,26,1.1538461538461538461538461538461538461538461538461538461538461538461538461538462,0.53571428571428571428571428571428571428571428571428571428571428571428571428571429
27,Co,Cobalt,59,32,27,1.1851851851851851851851851851851851851851851851851851851851851851851851851851852,0.54237288135593220338983050847457627118644067796610169491525423728813559322033898
28,Ni,Nickel,58,30,28,1.0714285714285714285714285714285714285714285714285714285714285714285714285714286,0.51724137931034482758620689655172413793103448275862068965517241379310344827586207
29,Cu,Copper,63,34,29,1.1724137931034482758620689655172413793103448275862068965517241379310344827586207,0.53968253968253968253968253968253968253968253968253968253968253968253968253968254
30,Zn,Zinc,65,35,30,1.1666666666666666666666666666666666666666666666666666666666666666666666666666667,0.53846153846153846153846153846153846153846153846153846153846153846153846153846154
31,Ga,Gallium,69,38,31,1.2258064516129032258064516129032258064516129032258064516129032258064516129032258,0.55072463768115942028985507246376811594202898550724637681159420289855072463768116
32,Ge,Germanium,73,41,32,1.28125,0.56164383561643835616438356164383561643835616438356164383561643835616438356164384
33,As,Arsenic,75,42,33,1.2727272727272727272727272727272727272727272727272727272727272727272727272727273,0.56
34,Se,Selenium,79,45,34,1.3235294117647058823529411764705882352941176470588235294117647058823529411764706,0.56962025316455696202531645569620253164556962025316455696202531645569620253164557
35,Br,Bromine,80,45,35,1.2857142857142857142857142857142857142857142857142857142857142857142857142857143,0.5625
36,Kr,Krypton,84,48,36,1.3333333333333333333333333333333333333333333333333333333333333333333333333333333,0.57142857142857142857142857142857142857142857142857142857142857142857142857142857
37,Rb,Rubidium,85,48,37,1.2972972972972972972972972972972972972972972972972972972972972972972972972972973,0.56470588235294117647058823529411764705882352941176470588235294117647058823529412
38,Sr,Strontium,88,50,38,1.3157894736842105263157894736842105263157894736842105263157894736842105263157895,0.56818181818181818181818181818181818181818181818181818181818181818181818181818182
39,Y,Yttrium,89,50,39,1.2820512820512820512820512820512820512820512820512820512820512820512820512820513,0.56179775280898876404494382022471910112359550561797752808988764044943820224719101
40,Zr,Zirconium,91,51,40,1.275,0.56043956043956043956043956043956043956043956043956043956043956043956043956043956
41,Nb,Niobium,93,52,41,1.2682926829268292682926829268292682926829268292682926829268292682926829268292683,0.55913978494623655913978494623655913978494623655913978494623655913978494623655914
42,Mo,Molybdenum,96,54,42,1.2857142857142857142857142857142857142857142857142857142857142857142857142857143,0.5625
43,Tc,Technetium,98,55,43,1.2790697674418604651162790697674418604651162790697674418604651162790697674418605,0.56122448979591836734693877551020408163265306122448979591836734693877551020408163
44,Ru,Ruthenium,101,57,44,1.2954545454545454545454545454545454545454545454545454545454545454545454545454545,0.56435643564356435643564356435643564356435643564356435643564356435643564356435644
45,Rh,Rhodium,103,58,45,1.2888888888888888888888888888888888888888888888888888888888888888888888888888889,0.56310679611650485436893203883495145631067961165048543689320388349514563106796117
46,Pd,Palladium,106,60,46,1.3043478260869565217391304347826086956521739130434782608695652173913043478260870,0.56603773584905660377358490566037735849056603773584905660377358490566037735849057
47,Ag,Silver,108,61,47,1.2978723404255319148936170212765957446808510638297872340425531914893617021276596,0.56481481481481481481481481481481481481481481481481481481481481481481481481481481
48,Cd,Cadmium,112,64,48,1.3333333333333333333333333333333333333333333333333333333333333333333333333333333,0.57142857142857142857142857142857142857142857142857142857142857142857142857142857
49,In,Indium,115,66,49,1.3469387755102040816326530612244897959183673469387755102040816326530612244897959,0.57391304347826086956521739130434782608695652173913043478260869565217391304347826
50,Sn,Tin,119,69,50,1.38,0.57983193277310924369747899159663865546218487394957983193277310924369747899159664
51,Sb,Antimony,122,71,51,1.3921568627450980392156862745098039215686274509803921568627450980392156862745098,0.58196721311475409836065573770491803278688524590163934426229508196721311475409836
52,Te,Tellurium,128,76,52,1.4615384615384615384615384615384615384615384615384615384615384615384615384615385,0.59375
53,I,Iodine,127,74,53,1.3962264150943396226415094339622641509433962264150943396226415094339622641509434,0.58267716535433070866141732283464566929133858267716535433070866141732283464566929
54,Xe,Xenon,131,77,54,1.4259259259259259259259259259259259259259259259259259259259259259259259259259259,0.58778625954198473282442748091603053435114503816793893129770992366412213740458015
55,Cs,Caesium,133,78,55,1.4181818181818181818181818181818181818181818181818181818181818181818181818181818,0.58646616541353383458646616541353383458646616541353383458646616541353383458646617
56,Ba,Barium,137,81,56,1.4464285714285714285714285714285714285714285714285714285714285714285714285714286,0.59124087591240875912408759124087591240875912408759124087591240875912408759124088
57,La,Lanthanum,139,82,57,1.4385964912280701754385964912280701754385964912280701754385964912280701754385965,0.58992805755395683453237410071942446043165467625899280575539568345323741007194245
58,Ce,Cerium,140,82,58,1.4137931034482758620689655172413793103448275862068965517241379310344827586206897,0.58571428571428571428571428571428571428571428571428571428571428571428571428571429
59,Pr,Praseodymium,141,82,59,1.3898305084745762711864406779661016949152542372881355932203389830508474576271186,0.58156028368794326241134751773049645390070921985815602836879432624113475177304965
60,Nd,Neodymium,144,84,60,1.4,0.58333333333333333333333333333333333333333333333333333333333333333333333333333333
61,Pm,Promethium,145,84,61,1.3770491803278688524590163934426229508196721311475409836065573770491803278688525,0.57931034482758620689655172413793103448275862068965517241379310344827586206896552
62,Sm,Samarium,150,88,62,1.4193548387096774193548387096774193548387096774193548387096774193548387096774194,0.58666666666666666666666666666666666666666666666666666666666666666666666666666667
63,Eu,Europium,152,89,63,1.4126984126984126984126984126984126984126984126984126984126984126984126984126984,0.58552631578947368421052631578947368421052631578947368421052631578947368421052632
64,Gd,Gadolinium,157,93,64,1.453125,0.59235668789808917197452229299363057324840764331210191082802547770700636942675159
65,Tb,Terbium,159,94,65,1.4461538461538461538461538461538461538461538461538461538461538461538461538461538,0.59119496855345911949685534591194968553459119496855345911949685534591194968553459
66,Dy,Dysprosium,163,97,66,1.4696969696969696969696969696969696969696969696969696969696969696969696969696970,0.59509202453987730061349693251533742331288343558282208588957055214723926380368098
67,Ho,Holmium,165,98,67,1.4626865671641791044776119402985074626865671641791044776119402985074626865671642,0.59393939393939393939393939393939393939393939393939393939393939393939393939393939
68,Er,Erbium,167,99,68,1.4558823529411764705882352941176470588235294117647058823529411764705882352941176,0.59281437125748502994011976047904191616766467065868263473053892215568862275449102
69,Tm,Thulium,169,100,69,1.4492753623188405797101449275362318840579710144927536231884057971014492753623188,0.59171597633136094674556213017751479289940828402366863905325443786982248520710059
70,Yb,Ytterbium,173,103,70,1.4714285714285714285714285714285714285714285714285714285714285714285714285714286,0.59537572254335260115606936416184971098265895953757225433526011560693641618497110
71,Lu,Lutetium,175,104,71,1.4647887323943661971830985915492957746478873239436619718309859154929577464788732,0.59428571428571428571428571428571428571428571428571428571428571428571428571428571
72,Hf,Hafnium,178,106,72,1.4722222222222222222222222222222222222222222222222222222222222222222222222222222,0.59550561797752808988764044943820224719101123595505617977528089887640449438202247
73,Ta,Tantalum,181,108,73,1.4794520547945205479452054794520547945205479452054794520547945205479452054794521,0.59668508287292817679558011049723756906077348066298342541436464088397790055248619
74,W,Tungsten,184,110,74,1.4864864864864864864864864864864864864864864864864864864864864864864864864864865,0.59782608695652173913043478260869565217391304347826086956521739130434782608695652
75,Re,Rhenium,186,111,75,1.48,0.59677419354838709677419354838709677419354838709677419354838709677419354838709677
76,Os,Osmium,190,114,76,1.5,0.6
77,Ir,Iridium,192,115,77,1.4935064935064935064935064935064935064935064935064935064935064935064935064935065,0.59895833333333333333333333333333333333333333333333333333333333333333333333333333
78,Pt,Platinum,195,117,78,1.5,0.6
79,Au,Gold,197,118,79,1.4936708860759493670886075949367088607594936708860759493670886075949367088607595,0.59898477157360406091370558375634517766497461928934010152284263959390862944162437
80,Hg,Mercury,201,121,80,1.5125,0.60199004975124378109452736318407960199004975124378109452736318407960199004975124
81,Tl,Thallium,204,123,81,1.5185185185185185185185185185185185185185185185185185185185185185185185185185185,0.60294117647058823529411764705882352941176470588235294117647058823529411764705882
82,Pb,Lead,207,125,82,1.5243902439024390243902439024390243902439024390243902439024390243902439024390244,0.60386473429951690821256038647342995169082125603864734299516908212560386473429952
83,Bi,Bismuth,209,126,83,1.5180722891566265060240963855421686746987951807228915662650602409638554216867470,0.60287081339712918660287081339712918660287081339712918660287081339712918660287081
84,Po,Polonium,209,125,84,1.4880952380952380952380952380952380952380952380952380952380952380952380952380952,0.59808612440191387559808612440191387559808612440191387559808612440191387559808612
85,At,Astatine,210,125,85,1.4705882352941176470588235294117647058823529411764705882352941176470588235294118,0.59523809523809523809523809523809523809523809523809523809523809523809523809523810
86,Rn,Radon,222,136,86,1.5813953488372093023255813953488372093023255813953488372093023255813953488372093,0.61261261261261261261261261261261261261261261261261261261261261261261261261261261
87,Fr,Francium,223,136,87,1.5632183908045977011494252873563218390804597701149425287356321839080459770114943,0.60986547085201793721973094170403587443946188340807174887892376681614349775784753
88,Ra,Radium,226,138,88,1.5681818181818181818181818181818181818181818181818181818181818181818181818181818,0.61061946902654867256637168141592920353982300884955752212389380530973451327433628
89,Ac,Actinium,227,138,89,1.5505617977528089887640449438202247191011235955056179775280898876404494382022472,0.60792951541850220264317180616740088105726872246696035242290748898678414096916300
90,Th,Thorium,232,142,90,1.5777777777777777777777777777777777777777777777777777777777777777777777777777778,0.61206896551724137931034482758620689655172413793103448275862068965517241379310345
91,Pa,Protactinium,231,140,91,1.5384615384615384615384615384615384615384615384615384615384615384615384615384615,0.60606060606060606060606060606060606060606060606060606060606060606060606060606061
92,U,Uranium,238,146,92,1.5869565217391304347826086956521739130434782608695652173913043478260869565217391,0.61344537815126050420168067226890756302521008403361344537815126050420168067226891
93,Np,Neptunium,237,144,93,1.5483870967741935483870967741935483870967741935483870967741935483870967741935484,0.60759493670886075949367088607594936708860759493670886075949367088607594936708861
94,Pu,Plutonium,244,150,94,1.5957446808510638297872340425531914893617021276595744680851063829787234042553191,0.61475409836065573770491803278688524590163934426229508196721311475409836065573770
95,Am,Americium,243,148,95,1.5578947368421052631578947368421052631578947368421052631578947368421052631578947,0.60905349794238683127572016460905349794238683127572016460905349794238683127572016
96,Cm,Curium,247,151,96,1.5729166666666666666666666666666666666666666666666666666666666666666666666666667,0.61133603238866396761133603238866396761133603238866396761133603238866396761133603
97,Bk,Berkelium,247,150,97,1.5463917525773195876288659793814432989690721649484536082474226804123711340206186,0.60728744939271255060728744939271255060728744939271255060728744939271255060728745
98,Cf,Californium,251,153,98,1.5612244897959183673469387755102040816326530612244897959183673469387755102040816,0.60956175298804780876494023904382470119521912350597609561752988047808764940239044
99,Es,Einsteinium,252,153,99,1.5454545454545454545454545454545454545454545454545454545454545454545454545454545,0.60714285714285714285714285714285714285714285714285714285714285714285714285714286
100,Fm,Fermium,257,157,100,1.57,0.61089494163424124513618677042801556420233463035019455252918287937743190661478599
101,Md,Mendelevium,258,157,101,1.5544554455445544554455445544554455445544554455445544554455445544554455445544554,0.60852713178294573643410852713178294573643410852713178294573643410852713178294574
102,No,Nobelium,259,157,102,1.5392156862745098039215686274509803921568627450980392156862745098039215686274510,0.60617760617760617760617760617760617760617760617760617760617760617760617760617761
103,Lr,Lawrencium,266,163,103,1.5825242718446601941747572815533980582524271844660194174757281553398058252427184,0.61278195488721804511278195488721804511278195488721804511278195488721804511278195
104,Rf,Rutherfordium,267,163,104,1.5673076923076923076923076923076923076923076923076923076923076923076923076923077,0.61048689138576779026217228464419475655430711610486891385767790262172284644194757
105,Db,Dubnium,268,163,105,1.5523809523809523809523809523809523809523809523809523809523809523809523809523810,0.60820895522388059701492537313432835820895522388059701492537313432835820895522388
106,Sg,Seaborgium,269,163,106,1.5377358490566037735849056603773584905660377358490566037735849056603773584905660,0.60594795539033457249070631970260223048327137546468401486988847583643122676579926
107,Bh,Bohrium,270,163,107,1.5233644859813084112149532710280373831775700934579439252336448598130841121495327,0.60370370370370370370370370370370370370370370370370370370370370370370370370370370
108,Hs,Hassium,277,169,108,1.5648148148148148148148148148148148148148148148148148148148148148148148148148148,0.61010830324909747292418772563176895306859205776173285198555956678700361010830325
109,Mt,Meitnerium,278,169,109,1.5504587155963302752293577981651376146788990825688073394495412844036697247706422,0.60791366906474820143884892086330935251798561151079136690647482014388489208633094
110,Ds,Darmstadtium,281,171,110,1.5545454545454545454545454545454545454545454545454545454545454545454545454545455,0.60854092526690391459074733096085409252669039145907473309608540925266903914590747
111,Rg,Roentgenium,282,171,111,1.5405405405405405405405405405405405405405405405405405405405405405405405405405405,0.60638297872340425531914893617021276595744680851063829787234042553191489361702128
112,Cn,Copernicium,285,173,112,1.5446428571428571428571428571428571428571428571428571428571428571428571428571429,0.60701754385964912280701754385964912280701754385964912280701754385964912280701754
113,Nh,Nihonium,286,173,113,1.5309734513274336283185840707964601769911504424778761061946902654867256637168142,0.60489510489510489510489510489510489510489510489510489510489510489510489510489510
114,Fl,Flerovium,289,175,114,1.5350877192982456140350877192982456140350877192982456140350877192982456140350877,0.60553633217993079584775086505190311418685121107266435986159169550173010380622837
115,Mc,Moscovium,290,175,115,1.5217391304347826086956521739130434782608695652173913043478260869565217391304348,0.60344827586206896551724137931034482758620689655172413793103448275862068965517241
116,Lv,Livermorium,293,177,116,1.5258620689655172413793103448275862068965517241379310344827586206896551724137931,0.60409556313993174061433447098976109215017064846416382252559726962457337883959044
117,Ts,Tennessine,294,177,117,1.5128205128205128205128205128205128205128205128205128205128205128205128205128205,0.60204081632653061224489795918367346938775510204081632653061224489795918367346939
118,Og,Oganesson,294,176,118,1.4915254237288135593220338983050847457627118644067796610169491525423728813559322,0.59863945578231292517006802721088435374149659863945578231292517006802721088435374
