radius_pm,one_entry_probability_per_pm,cumulative_probability
0.0,0.0,0.0
1.0583544210934803,0.00015870546720881643,8.398331643607862e-05
2.1167088421869606,0.0005862777528159644,0.00047821145871292055
3.175063263280441,0.001218623099576211,0.0014333238570952455
4.233417684373921,0.002002010677671727,0.003137609855531921
5.291772105467403,0.00289164477723987,0.005727220798538879
6.350126526560882,0.0038504170471138056,0.009294966268084022
7.408480947654364,0.004847820794373258,0.013897875505714249
8.466835368747843,0.005858979924094416,0.019563670443792803
9.525189789841322,0.006863824195546103,0.026296288438156745
10.583544210934805,0.007846383420558484,0.03408059507101039
11.641898632028285,0.008794157475477472,0.042886390084363644
12.700253053121765,0.009697538776023636,0.052671774325010606
13.758607474215246,0.01054936937317711,0.06338597670160073
14.816961895308728,0.011344556109251908,0.07497174311631072
15.875316316402206,0.012079724766339114,0.08736733872911931
16.933670737495685,0.012752902879493417,0.10050819935728685
17.99202515858917,0.013363231883078428,0.11432826270120738
19.050379579682645,0.013910795266081306,0.12876105630837575
20.10873400077613,0.014396443824099762,0.14374060212839743
21.16708842186961,0.014821637972102768,0.1592021451508384
22.225442842963087,0.015188312169848377,0.1750827268556028
23.28379726405657,0.015498728031710252,0.19132160918939928
24.34215168515005,0.015755381460579174,0.2078605716686514
25.40050610624353,0.015960962271300696,0.22464413797342914
26.45886052733701,0.016118290274622932,0.24161974735210542
27.517214948430492,0.016230260079616827,0.2587378629937928
28.575569369523972,0.016299795879654386,0.2759520272652493
29.633923790617455,0.016329805191855597,0.2932188685415239
30.692278211710928,0.016323124056656223,0.31049805455743135
31.75063263280441,0.016282520152517528,0.3277522184081214
32.808987053897894,0.01621068890296254,0.34494688413781244
33.86734147499137,0.016110238443856187,0.36205038231348585
34.925695896084854,0.015983678301858255,0.37903375165250236
35.98405031717834,0.015833411348480615,0.39587063040138426
37.04240473827181,0.015661726910580844,0.41253713981109835
38.10075915936529,0.015470783911819165,0.4290117550454121
39.15911358045877,0.015262609908292936,0.44527516665777345
40.21746800155226,0.015039118082012725,0.4613101505504295
41.27582242264574,0.014802110289780415,0.47710144853950326
42.33417684373922,0.014553278288290412,0.49263565118176245
43.392531264832705,0.014294205933429435,0.5079010824135033
44.450885685926174,0.014026372096869704,0.5228876868966482
45.50924010701966,0.013751153887742873,0.5375869206130751
46.56759452811314,0.013469826349969745,0.5519916430036158
47.625948949206624,0.013183561919612953,0.5660960086597328
48.6843033703001,0.01289344183024951,0.5798953647635019
49.74265779139358,0.012600464462314335,0.5933861589813408
50.80101221248706,0.012305549397258243,0.6065658539213878
51.85936663358054,0.012009541303507154,0.6194328457926098
52.91772105467402,0.011713213883494236,0.6319863872089504
53.9760754757675,0.011417273813931754,0.64422651416726
55.034429896860985,0.011122364583516993,0.6561539771411541
56.09278431795446,0.010829069263738687,0.6677701756719462
57.151138739047944,0.010537911984056037,0.6790770952064588
58.20949316014143,0.01024936278951584,0.6900772472860062
59.26784758123491,0.00996384360785487,0.7007736154635723
60.32620200232839,0.009681731882428145,0.7111696063011057
61.384556423421856,0.009403363474891808,0.7212690038253107
62.44291084451534,0.009129035459343985,0.731075926998069
63.50126526560882,0.008859008809659,0.7405947900875313
64.5596196867023,0.008593510970200596,0.7498302658216491
65.61797410779579,0.008332738286415625,0.7587872511882842
66.67632852888926,0.008076858082173368,0.767470835620812
67.73468294998274,0.00782601020687014,0.7758862711017003
68.79303737107622,0.007580309116880857,0.7840389441862352
69.85139179216971,0.007339846676165453,0.7919343506097223
70.90974621326319,0.007104694363618225,0.799578072544783
71.96810063435667,0.006874904964245073,0.8069757579216628
73.02645505545016,0.006650514109546472,0.8141331014586074
74.08480947654363,0.006431541732936999,0.8210558272775494
75.1431638976371,0.006217993440441592,0.8277496730153108
76.20151831873058,0.006009861797997377,0.8342203753413573
77.25987273982406,0.005807127531104005,0.8404736567915918
78.31822716091754,0.005609760596189827,0.8465152138039174
79.37658158201103,0.005417721083488555,0.8523507057985249
80.43493600310453,0.005230960139282998,0.8579857452239926
81.493290424198,0.005049421060703697,0.8634258886707588
82.55164484529148,0.004873040300755183,0.8686766290957734
83.60999926638496,0.004701748278892593,0.8737433890079261
84.66835368747844,0.004535470090574797,0.878631514457892
85.72670810857193,0.004374126162637933,0.8833462697502648
86.78506252966541,0.0042176328624598525,0.8878928328248558
87.8434169507589,0.0040659030627798205,0.8922762912592378
88.90177137185235,0.003918846664118947,0.8965016388466319
89.96012579294583,0.003776371075111095,0.9005737727044275
91.01848021403931,0.0036383816450935897,0.9044974908657993
92.0768346351328,0.0035047820439338493,0.9082774903012376
93.13518905622628,0.0033754746184461587,0.9119183653296815
94.19354347731976,0.0032503607641542805,0.9154246064149879
95.25189789841325,0.003129341280643713,0.9188005993471734
96.31025231950672,0.003012316673819962,0.9220506247716487
97.3686067406002,0.002899187415288086,0.9251788580156586
98.42696116169368,0.0027898541743628155,0.9281893691747545
99.48531558278717,0.0026842180284506016,0.9310861234333707
100.54367000388065,0.002582180653639042,0.9338729815975859
101.60202442497412,0.0024836444967034133,0.9365537008197616
102.6603788460676,0.002388512929649629,0.9391319354959837
103.71873326716108,0.0022966903875381093,0.9416112383182175
104.77708768825455,0.002208082489500573,0.9439950614634354
105.83544210934804,0.0021225961431065557,0.9462867579020128
106.89379653044152,0.0020401396366239786,0.9484895828101737
107.952150951535,0.001960622726213618,0.9506066950774005
109.01050537262849,0.0018839567163939823,0.952641158902565
110.06885979372197,0.001810054527315795,0.9545959454682396
111.12721421481545,0.0017388307485505738,0.9564739346790729
112.18556863590892,0.0016702016825119101,0.9582779169516059
113.2439230570024,0.001604085379628597,0.9600105950456788
114.30227747809589,0.0015404016662808212,0.9616745859292335
115.36063189918937,0.001479072166124824,0.9632724226691848
116.41898632028285,0.0014200203153388012,0.9648065563416427
117.47734074137635,0.0013631713722765692,0.9662793579553118
118.53569516246982,0.001308452421936936,0.967693120382364
119.5940495835633,0.001255792375546391,0.9690500602914552
120.65240400465677,0.0012051219655882803,0.9703523200778914
121.71075842575027,0.001156373737075398,0.9716019697865451
122.76911284684371,0.0011094820362189375,0.9728010090241582
123.82746726793721,0.0010643829968089876,0.973951368858441
124.88582168903068,0.0010210145236933452,0.9750549137012215
125.94417611012418,0.0009793162731645294,0.9761134431724735
127.00253053121764,0.0009392296307270905,0.9771286939422007
128.06088495231114,0.0009006976867775219,0.9781023415476865
129.1192393734046,0.0008636652105582676,0.9790360021840908
130.1775937944981,0.0008280786226344307,0.9799312344666994
131.23594821559158,0.0007938859660949979,0.9807895411633688
132.29430263668505,0.0007610368766592563,0.9816123708959129
133.35265705777852,0.0007294825518527588,0.9824011198093586
134.411011478872,0.0006991757193989289,0.9831571332081641
135.46936589996548,0.0006700706049538015,0.9838817071586364
136.52772032105898,0.0006421228993090408,0.9845760900569198
137.58607474215245,0.0006152897252238557,0.9852414841620764
138.64442916324595,0.0005895296040793767,0.9858790470939698
139.70278358433941,0.000564802422481426,0.98648989329583
140.7611380054329,0.0005410693988199256,0.9870750954614486
141.81949242652638,0.0005182930497854156,0.9876356859269595
142.87784684761988,0.0004964371569128993,0.9881726580271977
143.93620126871335,0.00047546673325423453,0.9886869674167158
144.99455568980684,0.00045534799026639,0.9891795333556442
146.0529101109003,0.00043604830498207196,0.9896512399606555
147.11126453199378,0.00041753618751558225,0.9901029374213614
148.16961895308725,0.00039978124894871796,0.9905354431825207
149.22797337418072,0.0003827541696358888,0.9909495430924814
150.2863277952742,0.0003664266679627171,0.9913459925183169
151.3446822163677,0.00035077146958772753,0.9917255174281552
152.40303663746116,0.0003357622771924067,0.9920888154412225
153.46139105855465,0.00032137374076223976,0.9924365568461535
154.51974547964812,0.0003075814284216656,0.9927693855881412
155.57809990074162,0.00029436179784671777,0.9930879202255254
156.6364543218351,0.0002816921682733589,0.9933927548564412
157.6948087429286,0.0002695506931074499,0.9936844600161605
158.75316316402206,0.0002579163331358503,0.9939635835457633
159.81151758511555,0.0002467688303410556,0.9942306514327763
160.86987200620905,0.00023608868232549032,0.9944861686244207
161.92822642730252,0.00022585711735105852,0.9947306198141174
162.986580848396,0.0002160560699968225,0.9949644702019019
164.04493526948946,0.0002066681574349855,0.9951881662294049
165.10328969058295,0.0001976766563233497,0.9954021362900486
166.16164411167642,0.00018906548031096226,0.9956067914151137
167.21999853276992,0.00018081915815243047,0.9958025259363198
168.2783529538634,0.00017292281242538046,0.9959897181255635
169.3367073749569,0.0001653621388445756,0.9961687308124465
170.39506179605036,0.00015812338616540296,0.9963399119802235
171.45341621714385,0.0001511933366688021,0.9965035953407884
172.51177063823732,0.00014455928721931148,0.9966601008893093
173.57012505933082,0.00013820903088767605,0.9968097354391162
174.6284794804243,0.00013213083912890042,0.9969527931374311
175.6868339015178,0.0001263134445056317,0.9970895559625266
176.74518832261123,0.00012074602394585681,0.9972202942028809
177.8035427437047,0.00011541818252371896,0.9973452669188915
178.86189716479817,0.0001103199377524973,0.9974647223876933
179.92025158589166,0.0001054417043789029,0.9975788985316194
180.97860600698513,0.0001007742796677259,0.9976880233308274
182.03696042807863,9.630882916567499e-05,0.9977923152206057
183.0953148491721,9.20368729330883e-05,0.9978919834738609
184.1536692702656,8.795027223212241e-05,0.9979872285692737
185.21202369135906,8.404121665999431e-05,0.9980782425456034
186.27037811245256,8.030221171586803e-05,0.998165209342603
187.32873253354603,7.672606679001785e-05,0.9982483051289996
188.38708695463953,7.330588356397347e-05,0.9983276986179809
189.445441375733,7.003504481043358e-05,0.9984035513706152
190.5037957968265,6.690720358185222e-05,0.9984760180876254
191.56215021791996,6.391627277673816e-05,0.9985452468899189
192.62050463901343,6.105641507286171e-05,0.9986113795882696
193.6788590601069,5.832203321671955e-05,0.9986745519425348
194.7372134812004,5.570776065874651e-05,0.9987348939107771
195.79556790229387,5.3208452523887946e-05,0.9987925298886524
196.85392232338737,5.081917690731296e-05,0.9988475789394146
197.91227674448083,4.853520648525977e-05,0.9989001550148738
198.97063116557433,4.635201043122238e-05,0.9989503671676383
200.0289855866678,4.426524662789967e-05,0.9989983197549562
201.0873400077613,4.2270754165536804e-05,0.999044112634468
202.14569442885477,4.036454611747843e-05,0.9990878413521644
203.20404884994824,3.8542802583966074e-05,0.9991295973228419
204.2624032710417,3.680186399540889e-05,0.999169468003332
205.3207576921352,3.5138224666574774e-05,0.9992075370587766
206.37911211322867,3.354852659335225e-05,0.9992438845222099
207.43746653432217,3.202955348394864e-05,0.9992785869476982
208.49582095541564,3.057822501659856e-05,0.9993117175572837
209.5541753765091,2.919159131606612e-05,0.9993433463819654
210.61252979760258,2.7866827641432968e-05,0.9993735403969476
211.67088421869607,2.6601229277870545e-05,0.999402363651372
212.72923863978957,2.5392206625299648e-05,0.99942987739275
213.78759306088304,2.4237280477042953e-05,0.9994561401862957
214.84594748197654,2.3134077481774207e-05,0.9994812080293601
215.90430190307,2.2080325782262084e-05,0.999505134461156
216.96265632416348,2.1073850824596445e-05,0.9995279706679562
218.02101074525697,2.0112571331777352e-05,0.9995497655839453
219.07936516635044,1.9194495435731868e-05,0.9995705659878921
220.13771958744394,1.83177169620088e-05,0.9995904165958102
221.1960740085374,1.7480411861583557e-05,0.9996093601497639
222.2544284296309,1.66808347843776e-05,0.9996274375029728
223.31278285072437,1.5917315789270174e-05,0.9996446877013623
224.37113727181784,1.5188257185548522e-05,0.9996611480617016
225.4294916929113,1.4492130500904304e-05,0.9996768542464655
226.4878461140048,1.382747357124699e-05,0.9996918403355521
227.54620053509828,1.3192887747758394e-05,0.9997061388949829
228.60455495619178,1.2587035216767805e-05,0.9997197810427054
229.66290937728525,1.2008636428173934e-05,0.9997327965116181
230.72126379837874,1.1456467628285189e-05,0.9997452137099279
231.7796182194722,1.092935849309103e-05,0.9997570597789506
232.8379726405657,1.0426189858113844e-05,0.9997683606484568
233.89632706165918,9.94589154112482e-06,0.9997791410896646
234.9546814827527,9.48744025413562e-06,0.9997894247659757
236.01303590384612,9.049857601205595e-06,0.9997992342815458
237.07139032493964,8.632208158724207e-06,0.9998085912277813
238.1297447460331,8.233597634948947e-06,0.9998175162278449
239.1880991671266,7.853171105692634e-06,0.9998260289792538
240.24645358822005,7.490111323166484e-06,0.9998341482946501
241.30480800931355,7.143637095093604e-06,0.999841892140818
242.36316243040702,6.813001731312431e-06,0.9998492776760207
243.42151685150054,6.497491555190933e-06,0.9998563212857291
244.47987127259395,6.196424477271872e-06,0.999863038616806
245.53822569368742,5.909148628663592e-06,0.9998694446102143
246.59658011478095,5.635041051783861e-06,0.9998755535323074
247.65493453587442,5.373506446153338e-06,0.9998813790047645
248.7132889569679,5.123975967020586e-06,0.9998869340332256
249.77164337806136,4.885906074686291e-06,0.9998922310346823
250.82999779915488,4.658777432472241e-06,0.9998972818636761
251.88835222024835,4.442093851360743e-06,0.9999020978373556
252.94670664134182,4.2353812794042775e-06,0.9999066897594399
254.0050610624353,4.038186834078674e-06,0.9999110679431354
255.0634154835288,3.850077875822519e-06,0.9999152422330507
256.1217699046223,3.670641121074176e-06,0.9999192220261508
257.1801243257157,3.4994817931826453e-06,0.9999230162917938
258.2384787468092,3.3362228096318594e-06,0.9999266335908876
259.2968331679027,3.180504004078713e-06,0.9999300820942048
260.3551875889962,3.0319813817643338e-06,0.9999333695998918
261.41354201008966,2.890326406913993e-06,0.9999365035502074
262.47189643118315,2.755225320796377e-06,0.9999394910475227
263.53025085227665,2.6263784891649293e-06,0.9999423388696151
264.5886052733701,2.5034997778551875e-06,0.999945053484287
265.6469596944636,2.3863159553604492e-06,0.9999476410633368
266.70531411555703,2.274566121255342e-06,0.9999501074959127
267.7636685366506,2.1680011593822197e-06,0.999952458401274
268.822022957744,2.0663832147587074e-06,0.9999546991409854
269.8803773788375,1.9694851932068526e-06,0.9999568348305717
270.93873179993096,1.8770902827446463e-06,0.9999588703506522
271.99708622102446,1.7889914958195697e-06,0.9999608103575814
273.05544064211796,1.7049912315012724e-06,0.9999626592936148
274.11379506321146,1.6249008567863446e-06,0.9999644213966216
275.1721494843049,1.548540306202745e-06,0.999966100709364
276.2305039053984,1.475737698934867e-06,0.9999677010883626
277.2888583264919,1.406328972722008e-06,0.9999692262123645
278.34721274758533,1.3401575338138037e-06,0.9999706795904328
279.40556716867883,1.2770739222958024e-06,0.9999720645696741
280.46392158977227,1.2169354921267006e-06,0.9999733843426192
281.5222760108658,1.159606105255906e-06,0.9999746419542724
282.58063043195926,1.104955839216585e-06,0.9999758403088453
283.63898485305276,1.0528607076142516e-06,0.9999769821761865
284.6973392741462,1.0032023929551834e-06,0.9999780701979227
285.75569369523976,9.55867991282366e-07,0.9999791068933239
286.8140481163332,9.107497681086007e-07,0.999980094664903
287.8724025374267,8.677449251581153e-07,0.9999810358037637
288.93075695852013,8.267553774484508e-07,0.9999819324947071
289.9891113796137,7.876875402639762e-07,0.9999827868211069
291.04746580070713,7.504521255915185e-07,0.9999836007695647
292.1058202218006,7.14963947606601e-07,0.9999843762343547
293.16417464289407,6.811417368162238e-07,0.9999851150216663
294.22252906398757,6.489079624808432e-07,0.9999858188536561
295.28088348508106,6.181886629542304e-07,0.9999864893723138
296.3392379061745,5.889132835952024e-07,0.9999871281431547
297.397592327268,5.610145219200801e-07,0.9999877366587432
298.45594674836144,5.344281796786631e-07,0.9999883163420563
299.514301169455,5.090930215502588e-07,0.9999888685496947
300.5726555905484,4.849506401692333e-07,0.9999893945749467
301.63101001164193,4.6194532720181864e-07,0.9999898956507134
302.6893644327354,4.400239502082046e-07,0.9999903729522996
303.7477188538289,4.1913583503503324e-07,0.9999908276000782
304.8060732749223,3.992326534945916e-07,0.9999912606620321
305.86442769601587,3.802683160974106e-07,0.9999916731561809
306.9227821171093,3.6219886961507353e-07,0.9999920660528951
307.9811365382028,3.4498239925968217e-07,0.9999924402771063
309.03949095929624,3.285789352756302e-07,0.9999927967104144
310.09784538038974,3.1295036374823847e-07,0.9999931361930994
311.15619980148324,2.980603414422602e-07,0.9999934595260399
312.21455422257674,2.838742144913273e-07,0.999993767472545
313.2729086436702,2.703589407673218e-07,0.9999940607601001
314.3312630647637,2.574830157659325e-07,0.9999943400820342
315.3896174858572,2.452164018519249e-07,0.9999946060991098
316.44797190695067,2.335304607144013e-07,0.9999948594410392
317.5063263280441,2.223978888889086e-07,0.9999951007079314
318.5646807491376,2.1179265620946592e-07,0.9999953304716729
319.6230351702311,2.0168994705963164e-07,0.9999955492772435
320.6813895913246,1.920661042974056e-07,0.9999957576439724
321.7397440124181,1.8289857573429707e-07,0.9999959560667359
322.79809843351154,1.741658630541103e-07,0.9999961450170995
323.85645285460504,1.658474730620729e-07,0.9999963249444083
324.91480727569854,1.579238711596764e-07,0.9999964962768251
325.973161696792,1.5037643694527812e-07,0.9999966594223221
327.0315161178854,1.4318742184486813e-07,0.999996814769626
328.0898705389789,1.3633990868164852e-07,0.999996962689119
329.1482249600724,1.2981777309710034e-07,0.9999971035336985
330.2065793811659,1.2360564674005717e-07,0.9999972376395969
331.26493380225935,1.176888821440501e-07,0.9999973653271627
332.32328822335285,1.120535192166428e-07,0.9999974869016057
333.38164264444634,1.0668625326793707e-07,0.9999976026537084
334.43999706553984,1.0157440450859787e-07,0.9999977128605023
335.4983514866333,9.670588895088704e-08,0.9999978177859149
336.5567059077268,9.20691906491187e-08,0.9999979176813849
337.6150603288203,8.765333521879947e-08,0.9999980127864498
338.6734147499138,8.344786457641688e-08,0.9999981033293055
339.7317691710072,7.944281284442456e-08,0.9999981895273398
340.7901235921007,7.562868336844764e-08,0.9999982715876415
341.84847801319415,7.199642679610681e-08,0.9999983497074856
342.9068324342877,6.853742016910654e-08,0.9999984240747947
343.9651868553811,6.524344698241162e-08,0.9999984948685807
345.02354127647465,6.210667816639936e-08,0.9999985622593647
346.0818956975681,5.9119653949849454e-08,0.9999986264095769
347.14025011866164,5.627526656352689e-08,0.999998687473939
348.198604539755,5.3566743745924656e-08,0.9999987455998277
349.2569589608486,5.098763301445482e-08,0.9999988009276212
350.315313381942,4.853178666703249e-08,0.99999885359103
351.3736678030356,4.619334748057424e-08,0.9999989037174123
352.43202222412896,4.396673507444279e-08,0.9999989514280733
353.49037664522245,4.18466329083126e-08,0.999998996838552
354.54873106631595,3.982797588530736e-08,0.9999990400588936
355.6070854874094,3.7905938532582364e-08,0.9999990811939096
356.6654399085029,3.607592373277734e-08,0.9999991203434251
357.72379432959633,3.4333551980973765e-08,0.999999157602515
358.7821487506899,3.267465114294244e-08,0.999999193061729
359.8405031717833,3.109524669155466e-08,0.9999992268073057
360.8988575928768,2.959155239929611e-08,0.9999992589213768
361.95721201397026,2.8159961465810684e-08,0.9999992894821618
363.0155664350638,2.679703806036951e-08,0.9999993185641535
364.07392085615726,2.549950926007155e-08,0.9999993462382945
365.13227527725076,2.426425736545809e-08,0.9999993725721457
366.1906296983442,2.3088312576056703e-08,0.9999993976300465
367.24898411943775,2.1968846009173814e-08,0.999999421473268
368.3073385405312,2.090316304600843e-08,0.9999994441601582
369.3656929616247,1.988869698989819e-08,0.9999994657462808
370.42404738271813,1.892300302219449e-08,0.999999486284548
371.4824018038116,1.8003752441933627e-08,0.9999995058253455
372.5407562249051,1.7128727176104883e-08,0.9999995244166531
373.59911064599856,1.6295814547917595e-08,0.9999995421041589
374.65746506709206,1.550300229105401e-08,0.999999558931368
375.71581948818556,1.474837379844181e-08,0.9999995749397068
376.77417390927906,1.4030103594610075e-08,0.9999995901686212
377.8325283303725,1.3346453021195831e-08,0.9999996046556711
378.890882751466,1.2695766125649069e-08,0.99999961843662
379.94923717255944,1.2076465743640654e-08,0.9999996315455205
381.007591593653,1.1487049766120896e-08,0.9999996440147959
382.06594601474643,1.0926087582389445e-08,0.9999996558753174
383.1243004358399,1.0392216690938873e-08,0.9999996671564781
384.18265485693337,9.884139470216211e-09,0.9999996778862638
385.24100927802687,9.400620101809197e-09,0.999999688091319
386.29936369912036,8.940481638911048e-09,0.999999697797012
387.3577181202138,8.502603213249259e-09,0.999999707027495
388.4160725413073,8.085917373981658e-09,0.999999715805762
389.4744269624008,7.689407552361629e-09,0.9999997241537044
390.5327813834943,7.312105646265466e-09,0.9999997320921633
391.59113580458774,6.9530897189473205e-09,0.9999997396409795
392.64949022568123,6.611481806651628e-09,0.9999997468190417
393.70784464677473,6.286445829960527e-09,0.999999753644331
394.76619906786823,5.977185603994744e-09,0.9999997601339653
395.82455348896167,5.6829429428131e-09,0.9999997663042396
396.88290791005517,5.40299585357317e-09,0.9999997721706657
397.94126233114866,5.136656816222298e-09,0.9999997777480097
398.99961675224216,4.8832711446878165e-09,0.9999997830503272
400.0579711733356,4.642215425721422e-09,0.9999997880909977
401.1163255944291,4.412896031734215e-09,0.9999997928827563
402.1746800155226,4.194747704130043e-09,0.9999997974377252
403.23303443661604,3.9872322038081195e-09,0.9999998017674424
404.29138885770953,3.789837025662674e-09,0.9999998058828902
405.349743278803,3.6020741740552636e-09,0.9999998097945211
406.4080976998965,3.4234789963780664e-09,0.9999998135122837
407.46645212098997,3.2536090719618095e-09,0.9999998170456466
408.5248065420834,3.0920431537104983e-09,0.9999998204036211
409.5831609631769,2.9383801599685616e-09,0.9999998235947837
410.6415153842704,2.7922382142436627e-09,0.9999998266272964
411.6998698053639,2.653253730519468e-09,0.9999998295089266
412.75822422645734,2.521080542000386e-09,0.9999998322470665
413.81657864755084,2.3953890712308598e-09,0.9999998348487501
414.87493306864434,2.275865539629833e-09,0.9999998373206715
415.93328748973784,2.162211214572671e-09,0.9999998396692006
416.9916419108313,2.0541416922410994e-09,0.9999998419003985
418.0499963319248,1.951386214545941e-09,0.9999998440200326
419.1083507530182,1.8536870185072699e-09,0.9999998460335906
420.16670517411177,1.760798716552808e-09,0.999999847946294
421.22505959520515,1.6724877062685535e-09,0.999999849763111
422.2834140162987,1.5885316082042188e-09,0.999999851488768
423.34176843739215,1.5087187304029865e-09,0.9999998531277623
